Workbook

Sheet Tổng hợp
A1: Tổng hợp kết quả test pipeline
A3: Công ty | B3: Tổng số bước | C3: Đạt | D3: Lỗi | E3: Không làm được | F3: Chưa làm | G3: % đã thử
A4: NVC - Nhà xưởng | B4: =COUNTA('NVC - Nhà xưởng'!F2:F57) | C4: =COUNTIF('NVC - Nhà xưởng'!F2:F57,"Đạt") | D4: =COUNTIF('NVC - Nhà xưởng'!F2:F57,"Lỗi") | E4: =COUNTIF('NVC - Nhà xưởng'!F2:F57,"Không làm được") | F4: =COUNTIF('NVC - Nhà xưởng'!F2:F57,"Chưa làm") | G4: =IF(B4=0,0,(C4+D4+E4)/B4)
A5: NVO - Nhà ở | B5: =COUNTA('NVO - Nhà ở'!F2:F30) | C5: =COUNTIF('NVO - Nhà ở'!F2:F30,"Đạt") | D5: =COUNTIF('NVO - Nhà ở'!F2:F30,"Lỗi") | E5: =COUNTIF('NVO - Nhà ở'!F2:F30,"Không làm được") | F5: =COUNTIF('NVO - Nhà ở'!F2:F30,"Chưa làm") | G5: =IF(B5=0,0,(C5+D5+E5)/B5)
A6: NVS - Giàn giáo | B6: =COUNTA('NVS - Giàn giáo'!F2:F22) | C6: =COUNTIF('NVS - Giàn giáo'!F2:F22,"Đạt") | D6: =COUNTIF('NVS - Giàn giáo'!F2:F22,"Lỗi") | E6: =COUNTIF('NVS - Giàn giáo'!F2:F22,"Không làm được") | F6: =COUNTIF('NVS - Giàn giáo'!F2:F22,"Chưa làm") | G6: =IF(B6=0,0,(C6+D6+E6)/B6)
A7: Tổng | B7: =SUM(B4:B6) | C7: =SUM(C4:C6) | D7: =SUM(D4:D6) | E7: =SUM(E4:E6) | F7: =SUM(F4:F6) | G7: =IF(B7=0,0,(C7+D7+E7)/B7)
A9: Cách dùng: mỗi tab một công ty, làm từ trên xuống. Chọn cột «Kết quả» bằng danh sách xổ xuống; lỗi thì ghi cột «Ghi chú» và dán link ảnh chụp. «% đã thử» tính cả bước Lỗi và Không làm được vì đã được thử.
A10: Hạn mức duyệt trong bảng là mức tạm; nếu hệ thống cấu hình khác, tin hệ thống và ghi chú chênh lệch. Không ghi mật khẩu vào file.

Sheet NVC - Nhà xưởng
A1: STT | B1: Nhóm | C1: Đăng nhập bằng | D1: Bước làm | E1: Kết quả đúng phải thấy | F1: Kết quả | G1: Ghi chú / mô tả lỗi | H1: Người test | I1: Ngày test | J1: Link ảnh chụp
A2: 1 | B2: A1. Khách hàng và cơ hội | C2: Kinh doanh (NVC) | D2: Khách hàng & Cơ hội → tab Khách hàng: tìm khách trước, rồi tạo khách mới | E2: Khách xuất hiện trong danh sách; tìm lại được bằng tên | F2: Chưa làm
A3: 2 | B3: A1. Khách hàng và cơ hội | C3: Kinh doanh (NVC) | D3: Tab Cơ hội kinh doanh → Tạo cơ hội mới: chọn khách, tên, loại, giá dự kiến, hạn xử lý | E3: Cơ hội ở cột Tiếp nhận; có mã; người chịu trách nhiệm đúng | F3: Chưa làm
A4: 3 | B4: A1. Khách hàng và cơ hội | C4: Kinh doanh (NVC) | D4: Kéo hoặc chuyển cơ hội sang bước Khảo sát | E4: Cơ hội đổi cột; Lịch sử ghi lại việc chuyển | F4: Chưa làm
A5: 4 | B5: A1. Khách hàng và cơ hội | C5: Kinh doanh (NVC) | D5: Tab Khảo sát: đặt lịch, ghi biên bản | E5: Biên bản lưu; mở lại thấy đủ | F5: Chưa làm
A6: 5 | B6: A2. Báo giá | C6: Kinh doanh; Tổng Giám đốc (với báo giá > 500 triệu) | D6: Tab Báo giá → Lập báo giá → Gửi phê duyệt | E6: Trạng thái «Chờ duyệt»; chưa có nút Gửi cho khách | F6: Chưa làm
A7: 6 | B7: A2. Báo giá | C7: Kinh doanh; Tổng Giám đốc (với báo giá > 500 triệu) | D7: Thử báo giá lớn hơn 500 triệu | E7: Chuyển lên Tổng Giám đốc chứ không tự duyệt được | F7: Chưa làm
A8: 7 | B8: A2. Báo giá | C8: Kinh doanh; Tổng Giám đốc (với báo giá > 500 triệu) | D8: Người duyệt vào Hộp thư phê duyệt → Duyệt | E8: Báo giá thành «Đã duyệt»; người gửi nhận thông báo | F8: Chưa làm
A9: 8 | B9: A2. Báo giá | C9: Kinh doanh; Tổng Giám đốc (với báo giá > 500 triệu) | D9: Gửi cho khách → ghi phản hồi | E9: Phản hồi lưu vào lịch sử | F9: Chưa làm
A10: 9 | B10: A2. Báo giá | C10: Kinh doanh; Tổng Giám đốc (với báo giá > 500 triệu) | D10: Chuyển cơ hội sang Đàm phán | E10: Nút Soạn hợp đồng bắt đầu hiện | F10: Chưa làm
A11: 10 | B11: A3. Gói thầu và dự toán | C11: Dự án – Đấu thầu; Tổng Giám đốc | D11: Dự án – Đấu thầu → Gói thầu: tạo gói thầu từ cơ hội (cách làm chưa rõ, ghi lại cách bạn tìm ra) | E11: Gói thầu có mã, liên kết cơ hội và khách, không phải gõ lại khách | F11: Chưa làm
A12: 11 | B12: A3. Gói thầu và dự toán | C12: Dự án – Đấu thầu; Tổng Giám đốc | D12: Đi các tab Khảo sát → Khối lượng → Dự toán | E12: Dự toán có phiên bản; tổng tiền cộng đúng | F12: Chưa làm
A13: 12 | B13: A3. Gói thầu và dự toán | C13: Dự án – Đấu thầu; Tổng Giám đốc | D13: Gửi phê duyệt dự toán; người duyệt duyệt | E13: Giá dự thầu hiện, trạng thái đã duyệt | F13: Chưa làm
... A57: 56 | B57: A12. Theo dõi, phát sinh, kết thúc | C57: Ban Giám đốc; Thi công; Dự án – Đấu thầu; Kế toán | D57: Kế toán khóa kỳ; thử sửa chứng từ kỳ đã khóa | E57: Không sửa trực tiếp; phải qua chứng từ điều chỉnh có người duyệt | F57: Chưa làm

Sheet NVO - Nhà ở
A1: STT | B1: Nhóm | C1: Đăng nhập bằng | D1: Bước làm | E1: Kết quả đúng phải thấy | F1: Kết quả | G1: Ghi chú / mô tả lỗi | H1: Người test | I1: Ngày test | J1: Link ảnh chụp
A2: 1 | B2: B1. Khách hàng, cơ hội | C2: Kinh doanh (NVO) | D2: Chọn công ty NVO; tạo khách và cơ hội | E2: Khách dùng chung được thấy ở NVO; cơ hội nằm ở NVO | F2: Chưa làm
A3: 2 | B3: B1. Khách hàng, cơ hội | C3: Kinh doanh (NVO) | D3: Ghi khảo sát nhu cầu sơ bộ | E3: Lưu được | F3: Chưa làm
A4: 3 | B4: B2. Lập hồ sơ thiết kế | C4: Kiến trúc sư | D4: Thiết kế → tạo hồ sơ từ cơ hội | E4: Hồ sơ có mã; khách, cơ hội liên kết; không phải gõ lại | F4: Chưa làm
A5: 4 | B5: B2. Lập hồ sơ thiết kế | C5: Kiến trúc sư | D5: Mở Tổng quan | E5: Hiện sáu bước, người chịu trách nhiệm, hạn bàn giao | F5: Chưa làm
A6: 5 | B6: B2. Lập hồ sơ thiết kế | C6: Kiến trúc sư | D6: Cột «Hồ sơ liên quan» | E6: Thấy khách, cơ hội gốc; thấy thẻ AI Design | F6: Chưa làm
A7: 6 | B7: B3. Đầu bài và khảo sát hiện trạng | C7: Kiến trúc sư | D7: Điền đầu bài từng mục; lưu dở rồi thoát ra, mở lại | E7: Dữ liệu không mất; có thể đóng giữa chừng | F7: Chưa làm
A8: 7 | B8: B3. Đầu bài và khảo sát hiện trạng | C8: Kiến trúc sư | D8: Xem «Mức độ đầy đủ» khi chưa điền hết | E8: Hiển thị % và danh sách còn thiếu | F8: Chưa làm
A9: 8 | B9: B3. Đầu bài và khảo sát hiện trạng | C9: Kiến trúc sư | D9: Thử dựng phương án khi dưới 70% | E9: Bị chặn kèm lý do rõ | F9: Chưa làm
A10: 9 | B10: B3. Đầu bài và khảo sát hiện trạng | C10: Kiến trúc sư | D10: Đạt 70% trở lên → Xác nhận đầu bài | E10: Đầu bài khoá; thử sửa: phải tạo phiên bản mới | F10: Chưa làm
A11: 10 | B11: B3. Đầu bài và khảo sát hiện trạng | C11: Kiến trúc sư | D11: Khảo sát hiện trạng: ghi số đo, gắn ảnh | E11: Lưu được; đánh dấu hoàn thành | F11: Chưa làm
A12: 11 | B12: B4. Phương án và trình khách | C12: Kiến trúc sư | D12: Phiên bản bản vẽ: tạo và phát hành phương án | E12: Có số phiên bản; bản đã phát hành không sửa đè | F12: Chưa làm
A13: 12 | B13: B4. Phương án và trình khách | C13: Kiến trúc sư | D13: Gửi khách duyệt → Ghi nhận góp ý (một phiên bản) → làm phiên bản mới | E13: Góp ý gắn đúng phiên bản | F13: Chưa làm
... A30: 29 | B30: B9. AI Design (công cụ phụ, tính tiền thật) | C30: Kiến trúc sư. Chỉ thử khi được phép; mỗi lượt tốn tiền. | D30: Sửa phương án bằng ô yêu cầu | E30: Máy áp thay đổi lên bản vẽ đã lưu | F30: Chưa làm

Sheet NVS - Giàn giáo
A1: STT | B1: Nhóm | C1: Đăng nhập bằng | D1: Bước làm | E1: Kết quả đúng phải thấy | F1: Kết quả | G1: Ghi chú / mô tả lỗi | H1: Người test | I1: Ngày test | J1: Link ảnh chụp
A2: 1 | B2: C1. Khách hàng và kiểm kho | C2: Kinh doanh (NVS); Kho | D2: Chọn công ty NVS; tạo khách | E2: Khách dùng chung được thấy | F2: Chưa làm
A3: 2 | B3: C1. Khách hàng và kiểm kho | C3: Kinh doanh (NVS); Kho | D3: Kho → Giàn giáo: xem tồn theo loại và lô | E3: Có tồn từng loại; chọn một ngày cũ xem được tồn tại ngày đó | F3: Chưa làm
A4: 3 | B4: C1. Khách hàng và kiểm kho | C4: Kinh doanh (NVS); Kho | D4: Dòng tổng của sổ giàn giáo | E4: Cân; nếu lệch thì có cảnh báo trên dòng | F4: Chưa làm
A5: 4 | B5: C2. Lập hợp đồng thuê | C5: Xưởng – Cho thuê | D5: Sản xuất & Cho thuê → Cho thuê giàn giáo → Lập hợp đồng thuê | E5: Khách, công trình, ngày bắt đầu, ngày dự kiến, tiền đặt cọc nhập được | F5: Chưa làm
A6: 5 | B6: C2. Lập hợp đồng thuê | C6: Xưởng – Cho thuê | D6: Thêm loại giáo, số lượng, đơn giá/ngày | E6: Đơn giá lưu vào hợp đồng; thử đổi bảng giá sau đó: hợp đồng cũ không đổi | F6: Chưa làm
A7: 6 | B7: C2. Lập hợp đồng thuê | C7: Xưởng – Cho thuê | D7: Lập hợp đồng với số lượng lớn hơn tồn kho | E7: Có thông báo kho không đủ | F7: Chưa làm
A8: 7 | B8: C2. Lập hợp đồng thuê | C8: Xưởng – Cho thuê | D8: Lưu hợp đồng hợp lệ | E8: Giáo rời kho; tồn kho giảm đúng số lượng; danh sách có số ngày còn lại | F8: Chưa làm
A9: 8 | B9: C3. Theo dõi hợp đồng | C9: Xưởng – Cho thuê | D9: Mở hợp đồng → Tổng quan | E9: Từng loại: đã xuất, đã trả, hư hỏng, mất, còn ở khách, bồi thường | F9: Chưa làm
A10: 9 | B10: C3. Theo dõi hợp đồng | C10: Xưởng – Cho thuê | D10: Cột «Còn ở khách» | E10: =đã xuất − đã trả − hư hỏng − mất | F10: Chưa làm
A11: 10 | B11: C4. Thu hồi từng đợt | C11: Xưởng – Cho thuê; Kho | D11: Thu hồi giàn giáo: nhập ngày trả, trả đạt, hư hỏng, mất, bồi thường, ghi chú | E11: Lưu được; hệ thống tính tiền thuê | F11: Chưa làm
A12: 11 | B12: C4. Thu hồi từng đợt | C12: Xưởng – Cho thuê; Kho | D12: Kiểm tiền: số lượng × đơn giá/ngày × số ngày | E12: Khớp phép tính tay; ví dụ mẫu 7.149.600 đồng | F12: Chưa làm
A13: 12 | B13: C4. Thu hồi từng đợt | C13: Xưởng – Cho thuê; Kho | D13: Nhập số trả lớn hơn số còn ở khách | E13: Bị chặn | F13: Chưa làm
A14: 13 | B14: C4. Thu hồi từng đợt | C14: Xưởng – Cho thuê; Kho | D14: Trả đợt hai | E14: Sinh biên bản thứ hai; «còn ở khách» giảm tiếp | F14: Chưa làm
A15: 14 | B15: C5. Biên bản và ký | C15: Xưởng – Cho thuê; đại diện bên thuê | D15: Tab Biên bản thu hồi: kiểm số liệu từng dòng | E15: Khớp với đợt trả vừa nhập | F15: Chưa làm
A16: 15 | B16: C5. Biên bản và ký | C16: Xưởng – Cho thuê; đại diện bên thuê | D16: Ký biên bản: nhập tên đại diện bên thuê, hai bên ký | E16: Chữ ký lưu; biên bản chuyển trạng thái đã ký | F16: Chưa làm
A17: 16 | B17: C5. Biên bản và ký | C17: Xưởng – Cho thuê; đại diện bên thuê | D17: Thử sửa biên bản đã ký | E17: Bị khoá; chỉ chứng từ điều chỉnh có người duyệt | F17: Chưa làm
A18: 17 | B18: C5. Biên bản và ký | C18: Xưởng – Cho thuê; đại diện bên thuê | D18: Tải ảnh biên bản giấy đã ký (nếu có) | E18: Đính kèm được | F18: Chưa làm
A19: 18 | B19: C6. Kế toán và sổ giàn giáo | C19: Kế toán; Kho | D19: Kế toán nhận thông báo biên bản đã ký | E19: Có thông báo | F19: Chưa làm
A20: 19 | B20: C6. Kế toán và sổ giàn giáo | C20: Kế toán; Kho | D20: Công nợ → Lập khoản phải thu | E20: Số tiền = tiền thuê + bồi thường từ biên bản; không nhập tay | F20: Chưa làm
A21: 20 | B21: C6. Kế toán và sổ giàn giáo | C21: Kế toán; Kho | D21: Ghi nhận thu khi khách trả | E21: Công nợ giảm đúng | F21: Chưa làm
A22: 21 | B22: C6. Kế toán và sổ giàn giáo | C22: Kế toán; Kho | D22: Sổ giàn giáo sau thu hồi | E22: Số ở kho và ở khách khớp biên bản; dòng tổng cân | F22: Chưa làm
